{
  "m_InitPos": {
    "x": 168.27796936035156,
    "y": 71.159271240234375,
    "z": 146.67401123046875
  },
  "m_InitRot": {
    "x": 0.00099731399677693844,
    "y": 0.17856205999851227,
    "z": 80.221847534179688
  }
}